model_name,split,mae,rmse,r2
hist_gradient_boosting,validation,66.97943549968126,116.88135562286757,0.6486044861236634
random_forest_50k,validation,68.03121326832327,119.20022241230565,0.6345231575371958
ridge_ohe,validation,73.63722477567082,320.32239647443777,-1.639248859814567
dummy_median,validation,125.0956878118318,209.6582096805841,-0.13065336227975033
